fermion,name,knot,sector,j,sigma,det,braid,n_topo_article,keffD,keffQ,gap,rad_det,ref_MeV,log10Z_base_without_C6,C6_effective_tabulated,C6_global_normalized,log10Z_effective_tabulated,log10Z_global_normalized
e,Elétron,3_1,lep,0.5,-2,3,"[1, 1, 1]",3.2830118285892795,6.1,6.1,0,3,0.51099895,4.444507740420,-0.08218712959510337,-0.082142430847,4.3623206108244155,4.362365309573
u,Quark up,4_1,up,1.0,0,5,"[1, -2, 1, -2]",3.3445518763691093,3.0,3.0,1,5,2.16,5.600659111047,-0.24720980795371328,-0.247209807954,5.353449303093464,5.353449303093
d,Quark down,6_1,dn,1.5,0,9,"[1, 2, -1, -3, 2, -3, 1]",4.566023657178559,3.0,5.472135955,2,3,4.67,5.649932187701,0.0,0.050029817855,5.649932187701206,5.699962005556
s,Quark strange,5_2,dn,1.5,-2,7,"[1, 2, 2, 2, 1, -2]",5.0437704306503495,5.0,5.0,1,7,93.4,6.612883665513,0.08098593308563648,0.080975796291,6.693869598599081,6.693859461804
mu,Múon,6_3,lep,0.5,0,13,"[1, 1, -2, 1, -2, -2]",5.330187713371007,3.0,3.0,2,13,105.6583755,6.826570140334,0.0,0.000000000000,6.826570140334139,6.826570140334
c,Quark charm,5_1,up,1.0,-4,5,"[1, 1, 1, 1, 1]",5.34455187636911,7.8,7.8,0,5,1090.0,7.739244426181,-0.0950806953668128,-0.095080695367,7.6441637308146415,7.644163730814
tau,Tau,6_2,lep,0.5,-2,11,"[1, -2, 1, 1, 1, -2]",5.983034804893593,6.1,6.1,1,11,1776.86,7.890897605758,0.05604773186885008,0.039436163228,7.946945337627162,7.930333768986
b,Quark bottom,7_6,dn,1.5,0,19,"[1, 3, -2, 3, 1, 1, -2]",6.118800132980395,7.0,7.0,1,19,4890.0,8.338879707232,0.09355125446705521,0.093596810581,8.432430961699314,8.432476517813
t,Quark top,7_7,up,1.0,0,21,"[1, -2, 1, -2, 3, -2, 3]",6.326782259239629,5.0,5.0,2,21,162500.0,9.905773489289,0.08410077666585324,0.084112631261,9.989874265954683,9.989886120550
